{"cameraMode":{"drawMode":0,"name":"Shaded","section":"Shading Mode"},"sceneLighting":true,"audioPlay":false,"sceneViewState":{"showFog":true,"showMaterialUpdate":false,"showSkybox":true,"showFlares":true,"showImageEffects":true,"showParticleSystems":true},"in2DMode":false,"pivot":{"x":0.08384796977043152,"y":2.417429208755493,"z":0.0948035717010498},"rotation":{"x":0.19159838557243348,"y":0.09991294145584107,"z":-0.019609827548265458,"w":0.9761820435523987},"size":5.993723392486572,"orthographic":false}