{"cameraMode":{"drawMode":0,"name":"Shaded","section":"Shading Mode"},"sceneLighting":true,"audioPlay":false,"sceneViewState":{"showFog":true,"showMaterialUpdate":false,"showSkybox":true,"showFlares":true,"showImageEffects":true,"showParticleSystems":true},"in2DMode":false,"pivot":{"x":0.9759012460708618,"y":3.9970877170562746,"z":-1.6927766799926758},"rotation":{"x":-0.00009414495434612036,"y":0.9999063611030579,"z":0.00868979562073946,"w":0.010800603777170182},"size":5.079432964324951,"orthographic":false}