{"cameraMode":{"drawMode":0,"name":"Shaded","section":"Shading Mode"},"sceneLighting":true,"audioPlay":false,"sceneViewState":{"showFog":true,"showMaterialUpdate":false,"showSkybox":true,"showFlares":true,"showImageEffects":true,"showParticleSystems":true},"in2DMode":false,"pivot":{"x":9.853049278259278,"y":2.646237373352051,"z":-1.1853418350219727},"rotation":{"x":0.0422598160803318,"y":-0.04195469990372658,"z":0.0017763730138540269,"w":0.9982274174690247},"size":7.919253349304199,"orthographic":false}