{"cameraMode":{"drawMode":0,"name":"Shaded","section":"Shading Mode"},"sceneLighting":true,"audioPlay":false,"sceneViewState":{"showFog":true,"showMaterialUpdate":false,"showSkybox":true,"showFlares":true,"showImageEffects":true,"showParticleSystems":true},"in2DMode":false,"pivot":{"x":-0.05966562032699585,"y":0.24773257970809937,"z":-0.09342646598815918},"rotation":{"x":-0.013173336163163185,"y":0.9826996922492981,"z":-0.0771125853061676,"w":-0.1678769439458847},"size":1.0207295417785645,"orthographic":false}